t_s,Thot_FGM,Tcold_FGM,Thot_BI,Tcold_BI,sigVM_max_FGM,sigVM_max_BI,delta_FGM_um,delta_BI_um
0,600,600,600,600,187.813646385809,146.673688900351,870.698474546867,1652.97539105756
0.01,600.258694488623,600.000005445296,600.367149710572,600.000001538781,187.228929334993,146.814247168361,868.839536662635,1650.79138552299
0.02,600.631756072172,600.000079360491,600.961240348779,600.000026184015,186.513303791103,147.084156639112,865.00686865483,1646.01735719295
0.03,601.071492637181,600.000457552536,601.70942759004,600.000172256464,185.780660902028,147.438507771569,859.572631314087,1639.00095378971
0.04,601.561245377435,600.001628769682,602.576120025232,600.000685941989,185.061118260135,147.853177228953,852.797633193083,1630.0493545348
0.05,602.092392556526,600.004309157199,603.538049227075,600.001996317329,184.365231521243,148.314352510544,844.884469937397,1619.42951641991
0.06,602.659566018116,600.009345724567,604.578605678099,600.004696445135,183.696678296309,148.813339004827,835.996905026347,1607.37162595467
0.07,603.259037783,600.017612317366,605.685469988551,600.009489134487,183.056315719036,149.34423706173,826.269350642674,1594.07317998412
0.08,603.888030906927,600.029933075768,606.849287830477,600.017124070964,182.443785129134,149.902819413875,815.812773427042,1579.70292628456
0.09,604.544375891933,600.047039181545,608.062826805623,600.02834379978,181.858221960086,150.485933516191,804.719006818345,1564.40452817388
0.1,605.226319218664,600.069551542869,609.320407442176,600.043845101253,181.298586668586,151.091155703147,793.064159848576,1548.29992445472
0.11,605.93240724499,600.097979874554,610.617506562882,600.064255521013,180.763820038043,151.716577198442,780.911398517569,1531.49236898137
0.12,606.661410947751,600.132730616467,611.95047467904,600.090122012836,180.252912957111,152.360664478367,768.313238070602,1514.06914257253
0.13,607.412274437229,600.174118747839,613.316331121116,600.121908150552,179.764933748048,153.022164244969,755.313435266174,1496.10394155296
0.14,608.184078161786,600.222380620607,614.712613296334,600.159996847948,179.299034600528,153.700036576435,741.948548731102,1477.65895809881
0.15,608.976011675677,600.277686298016,616.137264270928,600.204696273517,178.854448151794,154.393406641612,728.249223474801,1458.78667542077
0.16,609.787352925602,600.340150702157,617.588547884592,600.256247347583,178.430479894082,155.101529071104,714.241246724654,1439.53140523635
0.17,610.617452162839,600.409843330424,619.064983907756,600.314831765943,178.026499292874,155.82376119977,699.946414759475,1419.93059658277
0.18,611.465719251201,600.486796539659,620.565297973516,600.38057989899,177.641931022915,156.55954267021,685.38324396486,1400.01594459916
0.19,612.331613538187,600.571012509393,622.088382532161,600.453578194639,177.276246953066,157.308379685044,670.567553750173,1379.81432623903
0.2,613.214635703559,600.662469040132,623.633266124653,600.533875897475,176.928959107425,158.069832712108,655.512944237965,1359.34858749828
0.21,614.114321159134,600.76112435082,625.199089004039,600.621491014047,176.599613629754,158.84350679148,640.231187619905,1338.63820410529
0.22,615.030234680468,600.866921030727,626.78508365166,600.71641552512,176.287785682772,159.629043828072,624.732548745803,1317.6998349319
0.23,615.961966025664,600.979789284286,628.390559104362,600.818619886259,175.993075177188,160.426116416828,609.026047729154,1296.54778482393
0.24,616.909126350295,601.099649589187,630.014888275704,600.928056878917,175.715103215652,161.234422863157,593.119675063314,1275.19439120309
0.25,617.871345267234,601.226414869503,631.657497648193,601.044664882644,175.453509142492,162.053683143999,577.020567852492,1253.65034667953
0.26,618.848268430721,601.359992269534,633.317858857028,601.168370639719,175.207948100693,162.883635615315,560.735154205086,1231.92496806178
0.27,619.839555547345,601.500284599503,634.995481792231,601.299091580402,174.978089010609,163.724034316098,544.269271567191,1210.02642054123
0.28,620.844878735395,601.64719151205,636.689908926645,601.436737771012,174.763612897802,164.574646752167,527.628263722164,1187.96190443445
0.29,621.863921168768,601.800610458005,638.40071063821,601.58121354066,174.56421150859,165.435252067928,510.817060329414,1165.73781068712
0.3,622.896375953499,601.960437461625,640.127481342123,601.732418835756,174.37958616267,166.305639533333,493.840242169907,1143.35985034009
0.31,623.941945194563,602.126567747839,641.869836284904,601.890250344694,174.209446800509,167.185607288,476.702094693073,1120.83316230183
0.32,625.000339218392,602.298896248616,643.62740888113,602.054602429324,174.053511190728,168.074961295799,459.406651988095,1098.16240305876
0.33,626.071275922964,602.477318010491,645.399848496058,602.225367894394,173.911504268737,168.973514472297,441.957732917696,1075.35182135599
0.34,627.154480232339,602.661728521208,647.186818595591,602.402438621379,173.783157583342,169.881085954456,424.358970833581,1052.40532037053
0.35,628.249683636828,602.85202397048,648.987995199162,602.585706089077,173.668208831582,170.79750048757,406.613838043106,1029.32650948617
0.36,629.356623803351,603.048101456786,650.803065583089,602.775061799814,173.566401466525,171.722587909282,388.725665972151,1006.11874741735
0.37,630.475044243414,603.249859150271,652.631727190992,602.97039762698,173.477484364457,172.656182713748,370.697661810988,982.785178143369
0.38,631.604694028387,603.457196419788,654.473686715926,603.171606097145,173.401211541114,173.598123682501,352.532922276073,959.328760864209
0.39,632.745327543612,603.670013930726,656.328659324712,603.378580617884,173.337341908385,174.548253570349,334.23444501108,935.752294986257
0.4,633.89670427449,603.88821371906,658.196368000393,603.591215660487,173.285639063936,175.506418837357,315.805138055415,912.058440980548
0.41,635.05858861886,604.111699246137,660.076542982824,603.809406905281,173.245871108254,176.472469418886,297.247827730061,888.249737805412
0.42,636.230749721095,604.340375437674,661.968921290745,604.033051355993,173.217810484187,177.44625852757,278.565265223185,864.328617476695
0.43,637.412961324087,604.574148710138,663.873246311797,604.262047428473,173.201233835038,178.427642481759,259.760132115787,840.297417266036
0.44,638.605001636069,604.812926986703,665.789267448995,604.496295018307,173.195921877991,179.416480556133,240.835045032832,816.158389928242
0.45,639.806653209709,605.056619705034,667.71673981433,604.735695550867,173.201659290425,180.412634850923,221.792559580724,791.913712287776
0.46,641.017702831414,605.305137818264,669.655423961654,604.980152017092,173.218234606557,181.415970176563,202.635173699192,767.565492465649
0.47,642.237941419239,605.558393790687,671.605085652431,605.229568997314,173.245440123168,182.426353951418,183.365330527783,743.1157759703
0.48,643.467163927787,605.816301589133,673.565495648921,605.483852675457,173.283071812294,183.443656110457,163.985420883259,718.566550848949
0.49,644.705169259238,606.078776670916,675.536429530332,605.742910845268,173.330929240539,184.467749023094,144.497785404402,693.919752053452
0.5,645.951760179379,606.345735969134,677.517667528315,606.006652910011,173.388815493263,185.498507418823,124.904716433694,669.177265154661
0.51,647.206743237962,606.617097875904,679.508994378592,606.274989876908,173.45653710326,186.535808319452,105.208459677072,644.340929513676
0.52,648.46992869275,606.892782223888,681.510199186308,606.547834347343,173.533903983148,187.579530976881,85.4112156808731,619.412541002299
0.53,649.741130436707,607.172710266671,683.521075302833,606.825100503592,173.620729360968,188.629556815633,65.5151411593178,594.393854346823
0.54,651.020165927978,607.456804658171,685.541420212374,607.106704092777,173.716829718497,189.685769379422,45.5223501958499,569.28658515763
0.55,652.306856122233,607.744989431436,687.571035426795,607.392562408655,173.822024732036,190.748054281213,25.4349153415015,544.092411697206
0.56,653.601025407155,608.037189976934,689.609726387569,607.682594271709,173.936137215131,191.816299156309,5.25486862746409,518.812976430357
0.57,654.902501538833,608.333333020642,691.657302373689,607.97672000793,174.05899306323,192.890393617899,15.0157974958183,493.449887393295
0.58,656.211115579793,608.633346601904,693.71357641483,608.274861426523,174.190421200026,193.970229215042,35.3751292795681,468.004719408131
0.59,657.526701838643,608.937160051284,695.778365208918,608.576941796953,174.330253525085,195.055699392393,55.8212108485384,442.479015171162
0.6,658.84909781108,609.244703968491,697.85148904364,608.882885825441,174.47832486297,196.146699451864,76.3521634171588,416.874286233566
0.61,660.178144122171,609.555910200396,699.932771721332,609.192619631116,174.634472913461,197.243126515674,96.966144540815,391.192013892999
0.62,661.513684469928,609.870711819226,702.02204048683,609.506070721958,174.798538202919,198.344879490821,117.661347401762,365.433650008535
0.63,662.855565569921,610.189043100945,704.119125957986,609.823167970699,174.970364036765,199.451859034775,138.436000120451,339.600617752634
0.64,664.203637101019,610.510839503977,706.223862058526,610.143841590719,175.149796452642,200.563967522226,159.288365090152,313.694312308744
0.65,665.557751652128,610.836037648111,708.336085953018,610.468023112043,175.33668417483,201.681109012883,180.216738335137,287.716101522936
0.66,666.917764669888,611.164575293736,710.455637983718,610.795645357539,175.530878569274,202.803189220147,201.219448886292,261.667326517747
0.67,668.283534407338,611.496391321384,712.582361609232,611.126642419263,175.732233599561,203.930115480663,222.294858173696,235.54930227023
0.68,669.654921873454,611.831425711608,714.716103344673,611.460949635111,175.940605783548,205.061796724582,243.441359433746,209.363318163191
0.69,671.031790783553,612.169619525184,716.856712703367,611.798503565759,176.155854150812,206.198143446661,264.657377130659,183.110638510944
0.7,672.414007510595,612.510914883621,719.00404213989,612.139241971905,176.377840200877,207.339067677898,285.941366392254,156.792503064768
0.71,673.801441037231,612.855254950057,721.157946994385,612.483103791812,176.606427861902,208.484482957955,307.291812453841,130.410127496581
0.72,675.193962908699,613.202583910415,723.318285438111,612.830029119243,176.841483450359,209.634304308037,328.707230116486,103.964703868533
0.73,676.591447186526,613.552846954974,725.48491842012,613.179959181742,177.082875631228,210.788448204479,350.186163215366,77.457401086611
0.74,677.993770402972,613.905990260197,727.657709615026,613.53283631926,177.330475378709,211.946832552793,371.727184096438,50.8893653422374
0.75,679.400811516234,614.261960970973,729.836525371807,613.888603963169,177.584155937749,213.109376662242,393.328893103338,24.2617205403064
0.76,680.812451866412,614.620707183081,732.021234663604,614.24720661563,177.843792786125,214.276001221005,414.989918074379,2.42443128219472
0.77,682.228575132198,614.982177926078,734.211709038491,614.608589829346,178.109263597076,215.446628271718,436.708913847771,29.1680095486032
0.78,683.649067288257,615.346323146429,736.407822571204,614.972700187683,178.380448202529,216.621181187516,458.484561772923,55.9679547431866
0.79,685.073816563354,615.713093690979,738.60945181568,615.339485285122,178.657228557064,217.799584648576,480.315569234735,82.8232280213339
0.8,686.502713399183,616.082441290741,740.816475758589,615.708893708152,178.93948870215,218.981764619062,502.200669181742,109.732810826088
0.81,687.935650409828,616.454318544966,743.028775773614,616.080875016434,179.22711473119,220.167648324445,524.138619663473,136.695704514475
0.82,689.372522341955,616.8286789055,745.246235576621,616.455379724387,179.519994755051,221.357164229338,546.128203376728,163.710929988738
0.83,690.813226035646,617.205476661462,747.468741181645,616.832359283102,179.818018868106,222.550242015675,568.168227218114,190.777527335513
0.84,692.257660385894,617.584666924205,749.69618085762,617.21176606258,180.121079114762,223.74681256131,590.257521842829,217.894555472057
0.85,693.705726304738,617.966205612502,751.928445085935,617.59355333436,180.429069456598,224.946807918938,612.39494123333,245.061091797582
0.86,695.157326684057,618.350049438093,754.165426518709,617.977675254427,180.741885740057,226.150161295504,634.57936227394,272.276231851375
0.87,696.612366358985,618.736155891428,756.407019937869,618.364086846484,181.059425664429,227.356807031825,656.809684331086,299.539088976915
0.88,698.070752071911,619.12448322772,758.653122214886,618.752743985541,181.381588750634,228.566680582761,679.084828843012,326.848793990903
0.89,699.532392437152,619.514990453195,760.903632271279,619.143603381805,181.708276310228,229.779718497536,701.403738914592,354.204494859116
0.9,700.997197906182,619.907637311702,763.158451039832,619.536622564892,182.039391415103,230.995858400604,723.765378918702,381.605356377174
0.91,702.465080733456,620.302384271465,765.417481426446,619.931759868345,182.374838867478,232.215038972625,746.16873410492,409.050559856315
0.92,703.935954942866,620.699192512107,767.680628272738,620.328974414445,182.714525170544,233.437199932015,768.612810215829,436.539302814384
0.93,705.409736294715,621.098023911989,769.947798319282,620.728226099334,183.058358499452,234.662282016622,791.096633106471,464.070798673681
0.94,706.886342253284,621.498841035645,772.218900169488,621.129475578382,183.406248672791,235.890226965808,813.619248373681,491.644276461597
0.95,708.365691954963,621.901607121546,774.49384425416,621.532684251883,183.758107124545,237.120977502883,836.179720989645,519.258980517328
0.96,709.847706176962,622.306286070097,776.77254279668,621.937814250994,184.11384687644,238.354477317706,858.777134942711,546.914170203763
0.97,711.33230730648,622.712842431795,779.054909778808,622.344828423965,184.473382510788,239.590671049761,881.410592882054,574.609119623718
0.98,712.819419310509,623.1212413956,781.340860907087,622.753690322613,184.836630143701,240.829504271339,904.079215771844,602.343117341079
0.99,714.30896770609,623.5314487776,783.630313579898,623.164364189078,185.203507398826,242.070923471208,926.782142548543,630.115466107017
1,715.800879531134,623.943431009767,785.92318685507,623.576814942826,185.573933381406,243.314876038373,949.518529785234,657.925482589956
1.01,717.04477133129,624.357149184989,787.858274570638,623.991006691151,186.516346911005,244.426261515949,970.427796154176,683.632658661241
1.02,718.182880096325,624.772502680054,789.571985438683,624.406884830579,187.584122783887,245.41177470463,989.39769645849,706.800748018364
1.03,719.260973973587,625.189206693271,791.135358684151,624.824320607121,188.667981985398,246.31327180021,1006.80365632148,727.747473751837
1.04,720.294788880068,625.606710718998,792.583013698666,625.243040628733,189.73977342472,247.154036652124,1022.90900753927,746.763710227177
1.05,721.292396715168,626.024230581559,793.937707700989,625.662590880295,190.789939708745,247.947750105745,1037.91830798228,764.107780538194
1.06,722.258790582288,626.440853204947,795.215833379811,626.082353753832,191.815356182793,248.703219054122,1051.99670479072,780.005915130556
1.07,723.197417292177,626.855645971992,796.429665260958,626.501600583298,192.815485086422,249.426541216901,1065.2794328249,794.654567772443
1.08,724.11082840426,627.267735075954,797.588603782793,626.919553536635,193.790871056209,250.122163338322,1077.87778877401,808.223232369623
1.09,725.001003892217,627.676348307521,798.699969181371,627.335439402053,194.74248418843,250.79345050561,1089.88353444127,820.857369050064
1.1,725.86953230714,628.080830920631,799.769542082299,627.748528509688,195.671419338424,251.443019965126,1101.37239701149,832.681275523491
1.11,726.717720034334,628.480644916385,800.801944523316,628.15815877892,196.578758977269,252.072950987211,1112.40693141302,843.800806015746
1.12,727.546662181091,628.875359666907,801.800914580848,628.563747742448,197.465514685418,252.684924219437,1123.03887944575,854.305876926592
1.13,728.357291140593,629.264638933584,802.769507710627,628.964795971149,198.332606972207,253.28031821227,1133.31111488758,864.272727166256
1.14,729.150411351702,629.648227152545,803.710246490845,629.360884897902,199.180863441854,253.86027849103,1143.259244367,873.765923290353
1.15,729.926725057162,630.025936454632,804.625233419729,629.751671330781,200.011025207952,254.425768246966,1152.91292220101,882.840115056283
1.16,730.686851911551,630.397635062945,805.516236878241,630.136880268246,200.823756455313,254.977606290675,1162.29692842209,891.541556771136
1.17,731.431344213735,630.763237260343,806.384757350013,630.516297085241,201.619654629101,255.516495933657,1171.43205146154,899.909415101457
1.18,732.160698919559,631.122694890351,807.232078941366,630.889759758613,202.399260074773,256.043047265923,1180.33581020189,907.976886220055
1.19,732.875367219764,631.475990251313,808.059309831183,631.257151522506,203.163064645785,256.557794538646,1189.02304422912,915.77214531637
1.2,733.575762237643,631.823130206679,808.867414293829,631.618394157738,203.911519146294,257.061209863081,1197.50639613682,923.319150428546
1.21,734.262265251273,632.164141331882,809.657238240705,631.973441999865,204.645039644662,257.553714100349,1205.79670550337,930.638320799627
1.22,734.93523074469,632.499065931541,810.429529728968,632.322276676651,205.364012766621,258.035685584408,1213.90333067637,937.747107905096
1.23,735.594990521734,632.827958780438,811.18495552662,632.664902542516,206.068800100232,258.507467155662,1221.83441156815,944.660475164765
1.24,736.241857065111,633.150884462454,811.924114562404,633.001342754423,206.759741846312,258.96937186587,1229.59708428307,951.391300302958
1.25,736.876126285301,633.467915201453,812.647548896092,633.331635923683,207.437159835293,259.421687628899,1237.19765641799,957.950712388858
1.26,737.498079774631,633.779129095825,813.355752702384,633.65583327545,208.101360017933,259.86468102925,1244.64175025999,964.348373891891
1.27,738.107986659313,634.084608683326,814.049179653792,633.973996250267,208.752634521285,260.298600453401,1251.93441978799,970.59271652537
1.28,738.70610512424,634.384439776094,814.728249006685,634.286194486615,209.391263346597,260.723678673208,1259.08024629319,976.691138342275
1.29,739.292683671248,634.678710516284,815.393350632113,634.592504129566,210.017515773506,261.140134984372,1266.08341655454,982.650168367338
1.3,739.867962160038,634.96751061182,816.044849184753,634.893006416811,210.631651523091,261.548176981562,1272.94778677706,988.475604079531
1.31,740.432172671674,635.250930718873,816.683087565538,635.187786499602,211.233921723708,261.948002035996,1279.67693491501,994.172626193378
1.32,740.985540227347,635.529061944241,817.308389803855,635.476932461963,211.824569715253,262.339798528625,1286.2742035184,999.745894485912
1.33,741.528283388788,635.801995445227,817.921063461585,635.760534506705,212.403831721235,262.723746881891,1292.74273484473,1005.19962779821
1.34,742.060614761922,636.069822109109,818.521401642529,636.038684281461,212.971937412358,263.100020425362,1299.08549965573,1010.53767083238
1.35,742.582741421442,636.33263229725,819.109684675406,636.311474321959,213.529110381865,263.46878612366,1305.3053208701,1015.76354994073
1.36,743.09486527059,636.590515642039,819.686181526639,636.578997593509,214.075568547787,263.83020519059,1311.40489300756,1020.88051972832
1.37,743.597183347779,636.843560886647,820.251150988978,636.84134711437,214.611524495959,264.184433608477,1317.38679820224,1025.89160200619
1.38,744.089888089704,637.091855759716,820.804842684152,637.098615647487,215.137185773964,264.531622569147,1323.25351941516,1030.79961836248
1.39,744.573167558665,637.335486878373,821.34749791074,637.3508954493,215.652755145045,264.871918849319,1329.00745135981,1035.60721741575
1.4,745.047205640431,637.574539674248,821.87935036355,637.598278065832,216.15843080882,265.205465131578,1334.65090955788,1040.31689764091
1.41,745.512182217844,637.809098338292,822.400626745738,637.840854168395,216.654406594798,265.532400279947,1340.18613786739,1044.93102649899
1.42,745.968273324421,638.039245780597,822.911547291758,638.078713422011,217.140872133538,265.852859577414,1345.61531476687,1049.45185649247
1.43,746.415651281333,638.265063602616,823.412326215739,638.311944381134,217.61801300895,266.166974931881,1350.940558615,1053.88153865268
1.44,746.854484820581,638.486632079235,823.903172097715,638.54063440787,218.086010895285,266.474875055485,1356.16393207536,1058.22213389286
1.45,747.284939196852,638.704030148845,824.384288217838,638.764869609066,218.545043681179,266.776685621716,1361.28744586322,1062.47562257445
1.46,747.707176289615,638.917335409908,824.855872847095,638.984734788781,218.995285582977,267.07252940387,1366.31306192441,1066.64391259074
1.47,748.121354697274,639.126624122673,825.318119501562,639.200313413647,219.436907249069,267.362526397775,1371.24269616055,1070.72884620804
1.48,748.527629824548,639.331971215006,825.77121716607,639.411687588813,219.870075856393,267.646793931392,1376.07822077493,1074.73220587336
1.49,748.926153964009,639.533450291587,826.21535049215,639.618938042561,220.294955200896,267.925446763213,1380.82146630786,1078.6557191584
1.5,749.317076372827,639.73113364564,826.650699974363,639.822144118211,220.711705781947,268.198597171185,1385.47422341803,1082.50106298109
1.51,749.700543345208,639.925092272789,827.077442108371,640.021383771808,221.120484882498,268.46635503374,1390.03824445089,1086.26986722604
1.52,750.076698281244,640.115395886499,827.495749533591,640.216733574654,221.521446644888,268.72882790404,1394.51524483534,1089.96371786104
1.53,750.445681752559,640.302112934709,827.905791162749,640.408268719866,221.9147421433,268.986121078276,1398.90690433463,1093.58415962843
1.54,750.807631565201,640.485310617469,828.307732300345,640.596063031999,222.300519452787,269.238337659189,1403.21486817609,1097.13269838816
1.55,751.162682820026,640.665054905232,828.701734751639,640.780188979329,222.678923715934,269.485578615224,1407.44074808245,1100.61080316053
1.56,751.510967970953,640.841410557628,829.087956923511,640.960717688156,223.050097206658,269.727942836002,1411.58612321809,1104.01990792276
1.57,751.852616881145,641.014441142604,829.466553918406,641.137718958831,223.414179392201,269.965527184676,1415.65254106599,1107.36141319514
1.58,752.187756877464,641.184209055766,829.837677622256,641.31126128299,223.77130699272,270.198426547411,1419.64151824157,1110.63668745232
1.59,752.516512803268,641.350775539846,830.201476787151,641.481411861852,224.121614039358,270.42673388048,1423.55454125901,1113.84706838404
1.6,752.839007069701,641.514200704118,830.558097109543,641.648236625281,224.465231930446,270.650540255221,1427.39306725353,1116.99386403159
1.61,753.155359705536,641.674543543844,830.907681304416,641.811800251379,224.802289486193,270.86993490098,1431.15852466438,1120.07835381999
1.62,753.465688405763,641.831861959581,831.250369176045,641.972166186518,225.132913001957,271.085005246548,1434.85231388688,1123.10178949425
1.63,753.770108578922,641.986212776339,831.586297685557,642.129396665625,225.457226300116,271.295836959822,1438.47580789599,1126.06539598535
1.64,754.068733393295,642.137651762617,831.915601015773,642.283552732614,225.775350780495,271.502513986291,1442.03035284306,1128.97037220489
1.65,754.361673821937,642.286233649153,832.238410633595,642.434694260909,226.087405469888,271.705118586159,1445.51726863251,1131.81789178487
1.66,754.649038686699,642.432012147491,832.554855350064,642.582879973917,226.393507070123,271.90373137026,1448.93784947681,1134.60910377033
1.67,754.930934701265,642.575039968337,832.865061378478,642.728167465458,226.693770005136,272.09843133508,1452.29336443428,1137.34513326676
1.68,755.207466513165,642.715368839579,833.169152390577,642.870613220069,226.988306466965,272.289295896602,1455.58505793045,1140.02708205397
1.69,755.478736744933,642.853049524139,833.467249571025,643.010272633111,227.277226460623,272.476400923319,1458.81415026412,1142.65602916489
1.7,755.744846034245,642.988131837481,833.759471670328,643.147200030759,227.56063784813,272.659820768335,1461.98183809779,1145.23303143707
1.71,756.005893073337,643.120664664902,834.045935056207,643.281448689641,227.838646391401,272.839628300779,1465.08929493767,1147.7591240405
1.72,756.261974647473,643.25069597851,834.326753763644,643.413070856359,228.111355794374,273.015894936255,1468.13767160154,1150.23532098208
1.73,756.513185672642,643.378272853922,834.6020395436,643.542117766686,228.378867744119,273.188690666684,1471.1280966717,1152.66261558765
1.74,756.759619232457,643.503441486739,834.871901910481,643.668639664495,228.64128195106,273.358084089419,1474.06167694073,1155.0419809704
1.75,757.00136661427,643.626247208654,835.136448188424,643.792685820426,228.898696188454,273.524142435653,1476.93949784515,1157.37437047923
1.76,757.238517344553,643.746734503378,835.395783556539,643.914304550235,229.151206330887,273.686931598238,1479.76262388899,1159.6607181355
1.77,757.471159223503,643.864947022246,835.650011092973,644.033543232886,229.398906392097,273.846516158798,1482.5320990587,1161.90193905221
1.78,757.699378359027,643.98092759953,835.899231818036,644.150448328299,229.641888561913,274.002959414392,1485.24894722915,1164.09892984274
1.79,757.923259199907,644.094718267551,836.143544736288,644.265065394856,229.88024324242,274.156323403392,1487.91417255854,1166.25256901866
1.8,758.142884568396,644.206360271443,836.383046877711,644.377439106535,230.114059083484,274.306668931008,1490.52875987892,1168.36371737381
1.81,758.358335692047,644.315894083752,836.617833337969,644.487613269844,230.343423017406,274.45405559412,1493.09367507307,1170.43321836029
1.82,758.569692235006,644.423359418689,836.847997317722,644.595630840382,230.568420292912,274.59854180561,1495.6098654492,1172.46189845206
1.83,758.777032328551,644.528795246164,837.073630161143,644.701533939079,230.789134508519,274.740184818263,1498.07826010305,1174.45056750331
1.84,758.980432601129,644.632239805607,837.294821393588,644.805363868268,231.005647645017,274.879040748075,1500.4997702752,1176.40001909403
1.85,759.179968207678,644.733730619447,837.511658758459,644.907161127337,231.218040097502,275.015164597091,1502.87528970056,1178.31103086892
1.86,759.375712858419,644.833304506459,837.724228253239,645.006965428163,231.426390706625,275.148610275777,1505.20569494939,1180.18436486896
1.87,759.567738847077,644.930997594792,837.932614164803,645.104815710238,231.630776789229,275.279430624981,1507.49184576315,1182.0207678528
1.88,759.756117078488,645.026845334792,838.136899103985,645.200750155548,231.831274168391,275.407677437316,1509.73458538294,1183.82097161366
1.89,759.940917095678,645.120882511598,838.337164039372,645.294806203123,232.027957202798,275.533401478253,1511.93474086996,1185.58569328636
1.9,760.122207106389,645.213143257511,838.533488330457,645.387020563376,232.220898815534,275.65665250665,1514.09312342044,1187.31563564921
1.91,760.300054009102,645.303661064097,838.725949760035,645.477429232141,232.410170522355,275.777479294901,1516.21052867609,1189.01148741852
1.92,760.47452341849,645.392468794115,838.914624565949,645.566067504415,232.595842459324,275.895929648763,1518.28773702557,1190.67392353656
1.93,760.645679690428,645.479598693241,839.099587472177,645.652969987939,232.777983409802,276.012050426571,1520.32551390048,1192.30360545348
1.94,760.813585946391,645.565082401515,839.280911719304,645.738170616436,232.956660831189,276.125887558348,1522.32461006622,1193.90118140207
1.95,760.978304097509,645.648950964664,839.458669094286,645.82170266261,233.131940880608,276.237486064231,1524.28576190558,1195.46728666901
1.96,761.139894868052,645.731234845123,839.632929959681,645.903598750965,233.303888440728,276.346890072725,1526.20969170058,1197.00254385673
1.97,761.29841781845,645.811963932931,839.803763282216,645.983890870293,233.472567144496,276.454142838466,1528.09710790309,1198.50756314263
1.98,761.453931367882,645.891167556406,839.971236660815,646.062610385969,233.638039399629,276.559286759763,1529.94870540334,1199.98294253182
1.99,761.606492816429,645.968874492596,840.135416354012,646.139788052054,233.800366412619,276.662363395594,1531.76516579383,1201.42926810382
2,761.756158366722,646.045112977583,840.296367306826,646.215454023064,233.959608212189,276.763413482389,1533.54715762518,1202.84711425478
2.01,761.902983145242,646.119910716563,840.454153177059,646.289637865639,234.11582367231,276.862476950477,1535.29533665945,1204.23704393426
2.02,762.047021223134,646.193294893765,840.608836361092,646.362368569875,234.269070534797,276.959592940146,1537.01034611731,1205.59960887758
2.03,762.188325636659,646.265292182177,840.760478019131,646.433674560511,234.419405431301,277.05479981736,1538.69281692062,1206.9353498321
2.04,762.326948407204,646.335928753081,840.909138099934,646.503583707903,234.566883905021,277.148135189251,1540.34336792943,1208.24479677986
2.05,762.462940560892,646.405230285447,841.054875365044,646.572123338728,234.711560431919,277.239635919238,1541.96260617477,1209.52846915552
2.06,762.596352147874,646.473221975109,841.197747412506,646.639320246586,234.853488441528,277.329338141756,1543.55112708944,1210.78687605871
2.07,762.727232261148,646.539928543825,841.337810700138,646.705200702261,234.992720337244,277.417277276879,1545.10951472796,1212.02051646292
2.08,762.855629055026,646.605374248117,841.475120568308,646.769790463925,235.129307516464,277.503488044506,1546.63834198858,1213.22987942061
2.09,762.981589763342,646.669582887965,841.609731262237,646.833114787054,235.263300389967,277.58800447829,1548.13817082907,1214.4154442618
2.1,763.105160717124,646.732577815394,841.741695953861,646.895198434213,235.394748401241,277.670859939319,1549.60955247459,1215.57768079005
2.11,763.226387362104,646.79438194279,841.871066763249,646.956065684591,235.523700045224,277.752087129429,1551.05302762839,1216.71704947576
2.12,763.345314275702,646.855017751186,841.997894779592,647.015740343392,235.650202886722,277.831718104411,1552.46912667049,1217.83400164368
2.13,763.461985183832,646.914507298307,842.122230081757,647.074245751074,235.774303578518,277.909784286834,1553.85836985923,1218.92897965463
2.14,763.576442977322,646.972872226498,842.244121758398,647.131604792328,235.89604787898,277.986316478573,1555.22126752552,1220.00241708836
2.15,763.688729727936,647.030133770526,842.363617927748,647.187839904988,236.015480669537,278.061344873212,1556.55832026304,1221.05473891847
2.16,763.798886704222,647.086312765175,842.4807657569,647.242973088658,236.132645971588,278.134899068104,1557.87001911646,1222.0863616869
2.17,763.906954386942,647.141429652788,842.595611480757,647.297025913295,236.247586963186,278.207008076183,1559.15684576456,1223.09769367077
2.18,764.012972484234,647.195504490576,842.708200420625,647.350019527503,236.360345995468,278.277700337712,1560.41927270051,1224.08913505024
2.19,764.116979946496,647.248556957871,842.818577002353,647.401974666749,236.470964608509,278.347003731458,1561.65776340782,1225.06107806974
2.2,764.219014980944,647.300606363212,842.926784774173,647.452911661411,236.579483547154,278.414945585994,1562.87277253403,1226.01390719715
2.21,764.319115065932,647.351671651266,843.032866424164,647.502850444647,236.685942776361,278.481552690502,1564.0647460608,1226.94799928099
2.22,764.41731696491,647.401771409708,843.136863797333,647.551810560122,236.790381496287,278.546851305616,1565.23412146811,1227.86372370122
2.23,764.513656740237,647.450923875838,843.238817912406,647.599811169603,236.892838157064,278.610867173762,1566.38132790112,1228.76144251942
2.24,764.60816976659,647.499146943234,843.338768978222,647.646871060369,236.993350473326,278.673625529526,1567.50678632676,1229.6415106251
2.25,764.700890744202,647.546458168162,843.436756409852,647.693008652503,237.091955438394,278.735151109755,1568.61090969213,1230.50427587976
2.26,764.791853711792,647.592874775924,843.53281884434,647.73824200608,237.188689338169,278.79546816331,1569.69410307735,1231.35007925669
2.27,764.8810920593,647.638413667039,843.626994156181,647.782588828123,237.283587764929,278.854600460827,1570.75676384859,1232.17925497915
2.28,764.968638540315,647.683091423399,843.719319472459,647.826066479515,237.376685630567,278.912571304214,1571.79928180369,1232.99213065501
2.29,765.054525284268,647.726924314186,843.809831187671,647.868691981732,237.468017179769,278.969403535865,1572.82203931759,1233.78902740877
2.3,765.138783808438,647.76992830181,843.898564978248,647.910482023452,237.55761600291,279.025119547821,1573.82541148535,1234.57026001061
2.31,765.221445029675,647.812119047616,843.985555816869,647.951452967057,237.645515048624,279.079741290679,1574.80976626102,1235.33613700448
2.32,765.302539275905,647.853511917587,844.070837986341,647.991620854957,237.731746636198,279.133290282326,1575.77546459441,1236.0869608312
2.33,765.382096297449,647.894121987853,844.154445093335,648.031001415851,237.816342467716,279.185787616527,1576.72286056591,1236.82302795074
2.34,765.460145278033,647.933964050191,844.236410081785,648.069610070859,237.899333639872,279.237253971271,1577.65230151579,1237.54462896023
2.35,765.536714845717,647.973052617304,844.316765245999,648.107461939475,237.980750655773,279.2877096171,1578.56412817688,1238.25204871321
2.36,765.611833083478,648.01140192812,844.395542243567,648.144571845488,238.060623436111,279.337174425062,1579.45867479677,1238.94556643185
2.37,765.685527539673,648.04902595291,844.472772107954,648.180954322715,238.138981330687,279.385667874695,1580.33626926551,1239.62545581996
2.38,765.757825238273,648.085938398366,844.548485260885,648.216623620688,238.215853129181,279.433209061765,1581.19723323471,1240.2919851723
2.39,765.828752688914,648.122152712537,844.622711524452,648.251593710172,238.291267071933,279.479816705786,1582.04188223828,1240.94541748448
2.4,765.898335896698,648.157682089704,844.695480132978,648.285878288631,238.365250860584,279.525509157559,1582.87052580785,1241.58601055489
2.41,765.966600371892,648.192539475138,844.766819744686,648.319490785524,238.437831668482,279.570304406444,1583.68346759016,1242.21401709114
2.42,766.033571139387,648.226737569796,844.836758453084,648.352444367596,238.509036150592,279.614220087439,1584.48100545651,1242.82968480858
2.43,766.099272747958,648.260288834973,844.905323798124,648.384751943911,238.578890453676,279.65727348827,1585.26343161467,1243.43325653287
2.44,766.163729279371,648.293205496681,844.972542777214,648.416426170963,238.647420225969,279.699481556208,1586.03103271674,1244.02497029446
2.45,766.22696435733,648.325499550205,845.038441855878,648.447479457584,238.714650626811,279.740860904793,1586.78408996536,1244.60505942457
2.46,766.289001156223,648.357182764385,845.103046978342,648.477923969749,238.780606335972,279.781427820495,1587.52287921819,1245.17375264913
2.47,766.34986240972,648.388266685885,845.166383577807,648.507771635371,238.84531156284,279.821198269065,1588.24767108942,1245.731274179
2.48,766.409570419166,648.418762643391,845.228476586575,648.537034148882,238.908790055476,279.860187902006,1588.95873104924,1246.27784380213
2.49,766.468147061865,648.448681751702,845.289350445946,648.565722975864,238.971065109502,279.898412062638,1589.65631952351,1246.81367696811
2.5,766.525613799164,648.478034915761,845.349029115929,648.593849357447,239.032159576685,279.935885792299,1590.3406919887,1247.33898487712
2.51,766.581991684418,648.506832834613,845.407536084744,648.621424314757,239.092095873483,279.972623836298,1591.01209906697,1247.85397456227
2.52,766.637301370746,648.535086005272,845.464894378162,648.648458653165,239.150895989482,280.008640649685,1591.67078661855,1248.35884897314
2.53,766.691563118704,648.562804726523,845.521126568631,648.674962966514,239.208581495433,280.043950403052,1592.3169958333,1248.8538070572
2.54,766.744796803788,648.589999102701,845.576254784239,648.700947641305,239.265173551291,280.078566988089,1592.95096331821,1249.33904383736
2.55,766.797021923724,648.616679047297,845.630300717498,648.726422860644,239.320692914233,280.112504023175,1593.5729211863,1249.814750492
2.56,766.848257605727,648.642854286564,845.683285633944,648.751398608297,239.375159946208,280.145774858679,1594.18309714162,1250.28111443031
2.57,766.898522613565,648.668534363083,845.735230380552,648.775884672564,239.428594621551,280.178392582323,1594.78171456332,1250.73831936621
2.58,766.947835354464,648.693728639186,845.78615539403,648.799890650094,239.481016534469,280.210370024351,1595.36899258829,1251.18654539278
2.59,766.996213885952,648.718446300377,845.836080708919,648.823425949614,239.532444906168,280.241719762565,1595.94514619137,1251.62596905327
2.6,767.043675922496,648.742696358649,845.88502596549,648.846499795655,239.582898592139,280.272454127316,1596.51038626593,1252.05676341124
2.61,767.09023884203,648.766487655755,845.933010417579,648.869121232077,239.632396089089,280.302585206437,1597.06491970025,1252.47909812049
2.62,767.135919692413,648.789828866435,845.98005294019,648.891299125671,239.680955541801,280.332124849982,1597.60894945436,1252.89313949094
2.63,767.180735197695,648.812728501549,846.02617203697,648.913042169585,239.728594749884,280.361084674953,1598.14267463512,1253.29905055601
2.64,767.22470176429,648.835194911165,846.071385847529,648.934358886709,239.775331174346,280.389476069808,1598.66629056974,1253.69699113775
2.65,767.267835487037,648.857236287605,846.115712154658,648.955257633032,239.82118194412,280.417310199121,1599.17998887723,1254.08711790898
2.66,767.310152155129,648.878860668409,846.159168391324,648.975746600896,239.866163862267,280.444598007783,1599.68395753831,1254.46958445721
2.67,767.35166725794,648.90007593925,846.201771647604,648.99583382218,239.910293412399,280.471350225562,1600.17838096687,1254.84454134419
2.68,767.39239599073,648.920889836822,846.243538677431,649.015527171463,239.953586764653,280.497577371164,1600.6634400756,1255.21213616709
2.69,767.432353260279,648.941309951614,846.284485905227,649.034834369071,239.996059781756,280.523289756541,1601.13931234463,1255.57251361582
2.7,767.471553690324,648.961343730706,846.324629432383,649.053762984131,240.037728024751,280.548497490808,1601.60617188436,1255.92581553123
2.71,767.510011626982,648.980998480432,846.363985043677,649.07232043749,240.078606758946,280.573210484357,1602.06418950194,1256.27218096213
2.72,767.547741144054,649.000281369078,846.402568213459,649.090514004655,240.118710959474,280.597438452765,1602.51353276304,1256.61174621842
2.73,767.584756048175,649.019199429458,846.440394111815,649.108350818581,240.158055316781,280.621190920555,1602.95436605388,1256.94464492778
2.74,767.621069883926,649.037759561476,846.477477610544,649.125837872521,240.196654242153,280.644477225066,1603.38685064142,1257.27100808652
2.75,767.656695938815,649.055968534651,846.513833289017,649.142982022724,240.234521872991,280.667306520011,1603.81114473296,1257.59096411223
2.76,767.691647248133,649.073832990551,846.549475439989,649.159789991117,240.271672078005,280.689687779258,1604.22740353313,1257.90463889587
2.77,767.725936599809,649.091359445239,846.584418075201,649.176268367952,240.308118462409,280.711629800219,1604.63577930283,1258.21215584944
2.78,767.759576539111,649.108554291579,846.618674930952,649.192423614353,240.343874372974,280.7331412074,1605.03642141587,1258.51363595722
2.79,767.792579373213,649.125423801651,846.652259473505,649.208262064864,240.378952902801,280.754230455851,1605.42947640974,1258.80919782217
2.8,767.824957175778,649.141974128966,846.685184904399,649.223789929914,240.413366896312,280.774905834331,1605.81508804396,1259.098957714
2.81,767.856721791384,649.158211310716,846.717464165696,649.239013298276,240.447128953898,280.795175468816,1606.19339735078,1259.38302961362
2.82,767.887884839851,649.174141269984,846.749109945054,649.253938139392,240.480251436692,280.81504732554,1606.56454268726,1259.66152526015
2.83,767.918457720565,649.189769817897,846.780134680767,649.268570305766,240.512746470961,280.834529214201,1606.9286597863,1259.93455419445
2.84,767.948451616638,649.205102655729,846.810550566671,649.282915535212,240.544625952681,280.853628790989,1607.28588180605,1260.202223802
2.85,767.977877499033,649.220145376963,846.840369556939,649.296979453128,240.575901551989,280.872353561673,1607.63633938042,1260.46463935608
2.86,768.006746130596,649.234903469372,846.869603370819,649.310767574678,240.606584717281,280.890710884562,1607.98016066454,1260.72190405857
2.87,768.035068070006,649.249382316953,846.898263497253,649.324285306949,240.636686679692,280.908707973377,1608.31747138452,1260.97411908201
2.88,768.062853675659,649.263587201944,846.926361199413,649.337537951068,240.666218456999,280.926351900045,1608.64839488091,1261.22138360946
2.89,768.090113109483,649.27752330671,846.953907519145,649.350530704299,240.695190857901,280.94364959762,1608.97305215655,1261.46379487244
2.9,768.116856340664,649.291195715638,846.980913281324,649.363268662046,240.723614485774,280.960607862885,1609.29156191914,1261.70144819133
2.91,768.143093149317,649.304609416971,847.007389098124,649.375756819859,240.751499742819,280.977233359142,1609.60404062669,1261.93443701083
2.92,768.168833130071,649.317769304687,847.033345373224,649.388000075395,240.778856833651,280.993532618755,1609.91060252746,1262.16285293874
2.93,768.194085695594,649.3306801802,847.05879230586,649.400003230312,240.805695769258,281.009512045758,1610.21135970441,1262.38678578161
2.94,768.218860080049,649.343346754127,847.083739894911,649.411770992189,240.832026370639,281.025177918369,1610.50642211603,1262.60632357979
2.95,768.243165342496,649.355773648063,847.108197942801,649.423307976316,240.857858272314,281.040536391524,1610.79589763479,1262.82155264387
2.96,768.267010370231,649.367965396179,847.132176059381,649.434618707569,240.883200926008,281.055593499223,1611.07989208973,1263.0325575855
2.97,768.290403882006,649.379926446933,847.15568366573,649.445707622116,240.908063604022,281.070355156953,1611.35850930235,1263.23942135452
2.98,768.313354431247,649.39166116465,847.178729997816,649.456579069174,240.932455402726,281.084827163985,1611.63185112627,1263.44222526937
2.99,768.33587040924,649.403173831154,847.201324110204,649.467237312736,240.956385245881,281.099015205686,1611.90001748489,1263.64104905021
3,768.35796004814,649.414468647267,847.223474879588,649.477686533192,240.979861887942,281.112924855777,1612.16310640738,1263.83597085042
3.01,768.207082097257,649.425545302063,846.99383901025,649.487929785925,241.398114526625,281.032821056442,1611.11067700275,1262.51993530891
3.02,767.981815652802,649.436357437325,846.607187243459,649.497956380164,241.900057012567,280.862235215082,1608.66925266583,1259.38123783124
3.03,767.713538900625,649.446724099334,846.112846707345,649.507702820439,242.410453558146,280.629934235423,1605.1063626917,1254.64172474068
3.04,767.412980316069,649.456273422069,845.534878514113,649.517003259152,242.910169551759,280.352263658056,1600.60918929403,1248.50662595123
3.05,767.085635853804,649.464468995652,844.889167390133,649.525564354236,243.392815106686,280.038996749743,1595.32289726713,1241.15940615645
3.06,766.734908588721,649.47068680891,844.187219667386,649.532977429292,243.856374634174,279.696517285356,1589.3644851871,1232.76146503425
3.07,766.363153117907,649.474293342481,843.437699543734,649.538755507498,244.300575283662,279.329298422145,1582.8295854192,1223.45342113399
3.08,765.972117787275,649.474700248338,842.647277008693,649.542376821092,244.725863527454,278.940633568313,1575.79675655891,1213.35690000528
3.09,765.563164062581,649.471393332056,841.821170420219,649.54332256617,245.132961417361,278.533033944033,1568.33065420326,1202.57648797159
3.1,765.137388472165,649.463942542074,840.963517954045,649.541104200051,245.522665370146,278.108464438784,1560.48455090538,1191.20170097303
3.11,764.695696505398,649.452000508554,840.077640983733,649.535280300603,245.89575567573,277.66849364064,1552.30239305822,1179.30887849908
3.12,764.238850551136,649.435295261553,839.166235029035,649.525464997754,246.252958849136,277.214394544698,1543.82049166319,1166.96294651592
3.13,763.767502745199,649.413620650776,838.231510512198,649.511330379305,246.594935481316,276.747214972933,1535.06891223882,1154.21901846544
3.14,763.282218488555,649.38682643026,837.275297961338,649.492604970791,246.922280118876,276.267828364432,1526.07261527416,1141.1238221353
3.15,762.783493879696,649.354808985893,836.299127608164,649.469069892695,247.235526418779,275.776971290246,1516.85239009023,1127.71695312044
3.16,762.271768985782,649.317503115832,835.304290285829,649.440553823865,247.53515420208,275.275271686683,1507.42561825115,1114.03196375064
3.17,761.747438150644,649.274874968268,834.291884499432,649.406927520192,247.82159676351,274.763270428009,1497.80689685365,1100.09730091723
3.18,761.210858120419,649.226916090013,833.262853153731,649.368098357644,248.095247688432,274.241438019838,1488.00854696857,1085.93710831367
3.19,760.662354518198,649.17363847324,832.218012459567,649.324005174107,248.356466884976,273.710187656705,1478.04102814964,1071.57190903871
3.2,760.102227043257,649.115070466606,831.158074864529,649.274613554352,248.605585767507,273.16988553179,1467.91327624557,1057.01918395963
3.21,759.530753669943,649.05125341892,830.083667372841,649.219911618288,248.842911632423,272.620859043662,1457.63297863767,1042.29386011189
3.22,758.948194052859,648.98223893478,828.995346274885,649.159906320754,249.068731313518,272.063403376369,1447.20679848272,1027.40872203316
3.23,758.354792297422,648.908086636942,827.893609056921,649.094620240797,249.283314215049,271.49778680854,1436.64055740512,1012.37475744868
3.24,757.750779219963,648.828862345827,826.77890407898,649.024088821894,249.486914818836,270.924255021017,1425.93938435027,997.201447299182
3.25,757.136374195577,648.74463660115,825.651638473556,648.948358017172,249.679774752441,270.343034609193,1415.1078368843,981.897008742255
3.26,756.511786672279,648.655483463263,824.512184617104,648.867482292305,249.862124493621,269.754335959146,1404.15000006013,966.468598531641
3.27,755.877217414274,648.561479542742,823.36088545016,648.781522939668,250.03418477584,269.158355612192,1393.06956702817,950.922483099214
3.28,755.232859525145,648.462703216192,822.198058864119,648.690546661232,250.196167747743,268.555278215357,1381.86990477507,935.264180694806
3.29,754.578899292062,648.359233993673,821.024001328194,648.594624381301,250.348277931374,267.945278135588,1370.55410776457,919.498580124178
3.3,753.915516884144,648.251152009436,819.838990895476,648.493830255014,250.490713016235,267.328520799295,1359.12504173098,903.630039901646
3.31,753.242886932128,648.138537613062,818.643289700023,648.388240842668,250.623664518423,266.705163807412,1347.5853794506,887.662471030915
3.32,752.561179011159,648.021471042294,817.437146035743,648.277934423954,250.747318329861,266.075357865698,1335.93762998651,871.599406113368
3.33,751.870558044547,647.900032162074,816.220796090588,648.162990429934,250.861855178025,265.439247563176,1324.18416261859,855.444057042805
3.34,751.171184642992,647.774300257597,814.994465396412,648.043488973924,250.967451011947,264.796972025256,1312.32722644482,839.199363176128
3.35,750.463215391171,647.644353871008,813.758370043574,647.91951046517,251.06427732841,264.148665463048,1300.36896646054,822.868031563487
3.36,749.746803091108,647.51027067368,812.512717700843,647.791135291769,251.152501448886,263.494457637018,1288.31143676605,806.452570555829
3.37,749.022096970272,647.372127367319,811.257708473795,647.658443561428,251.232286756281,262.834474249227,1276.1566114346,789.955317894512
3.38,748.289242860773,647.229999608328,809.993535629244,647.521514890486,251.303792898741,262.168837276707,1263.90639347916,773.378464201582
3.39,747.548383354732,647.08396195117,808.720386208215,647.380428233073,251.367175966283,261.497665255338,1251.56262226193,756.724072636402
3.4,746.799657940175,646.934087806968,807.43844154639,647.235261743718,251.422588645124,260.821073523076,1239.1270796404,739.994095361088
3.41,746.043203120797,646.780449414506,806.147877717331,647.086092667738,251.470180353751,260.139174428923,1226.60149508135,723.190387342881
3.42,745.279152522454,646.623117821167,804.848865911487,646.932997254754,251.510097363728,259.452077513317,1213.98754993019,706.314717940466
3.43,744.507636988677,646.462162871917,803.541572761604,646.776050691218,251.542482907985,258.759889664963,1201.28688099605,689.368780643557
3.44,743.728784666999,646.297653204758,802.226160623354,646.615327048961,251.5674772785,258.062715257472,1188.50108356992,672.354201272303
3.45,742.942721087725,646.129656251278,800.902787818586,646.450899246679,251.585217915571,257.360656269535,1175.63171398985,655.272544894107
3.46,742.149569236267,645.958238241456,799.571608847254,646.282839022435,251.595839489465,256.653812390962,1162.68029182325,638.125321668178
3.47,741.349449620193,645.783464211593,798.232774573144,646.111216914938,251.599473976188,255.942281116989,1149.64830174757,620.913991802225
3.48,740.542480331698,645.60539801491,796.886432387597,645.936102252295,251.596250727888,255.226157832615,1136.53719517421,603.639969760976
3.49,739.728777106259,645.424102334197,795.532726354726,645.757563146732,251.586296539028,254.505535888687,1123.34839166826,586.304627854526
3.5,738.908453377989,645.239638696026,794.171797341107,645.575666494328,251.569735708431,253.78050667072,1110.08328019158,568.909299309735
3.51,738.081620332154,645.052067486123,792.803783132308,645.390477978718,251.54669009853,253.051159661912,1096.74322021269,551.455280907136
3.52,737.24838695523,644.861447965712,791.428818538369,645.202062078164,251.517279191459,252.317582500807,1083.32954269474,533.94383525431
3.53,736.408860082824,644.667838288521,790.047035489806,645.010482075181,251.481620142712,251.579861034787,1069.8435509882,516.376192759305
3.54,735.563144445712,644.471295518255,788.658563125655,644.81580006843,251.439827832718,250.838079369703,1056.28652164426,498.753553346519
3.55,734.711342714143,644.271875646383,787.263527874722,644.618076986179,251.392014916406,250.092319916247,1042.65970516088,481.077087964121
3.56,733.853555540679,644.069633610137,785.862053530914,644.417372601239,251.338291870988,249.342663433675,1028.96432667024,463.347939906914
3.57,732.989881601632,643.864623310594,784.45426132363,644.213745546838,251.278767042264,248.589189070947,1015.2015865817,445.567225996766
3.58,732.120417637286,643.65689763079,783.040269983761,644.007253333423,251.213546689387,247.831974405788,1001.37266118257,427.736037628654
3.59,731.24525849096,643.446508453725,781.620195805962,643.797952365923,251.142735028429,247.071095481968,987.478703206117,409.855441715843
3.6,730.364497147013,643.233506680317,780.194152707607,643.585897961579,251.066434274431,246.306626844728,973.520842367454,391.926481542006
3.61,729.47822476786,643.017942247186,778.762252284899,643.371144367998,250.984744682736,245.538641575002,959.500185876939,373.950177536507
3.62,728.58653073007,642.799864144285,777.324603866454,643.153744781412,250.897764588944,244.767211322058,945.417818929151,355.927527987114
3.63,727.689502659558,642.579320432223,775.881314564551,642.933751365019,250.805590448008,243.99240633517,931.274805173628,337.859509694772
3.64,726.787226466008,642.356358259527,774.432489324452,642.71121526736,250.708316872157,243.214295494009,917.072187166414,319.747078580876
3.65,725.879786376454,642.131023879537,772.978230971875,642.486186640616,250.606036668315,242.432946338239,902.810986808775,301.59117025654
3.66,724.967264968124,641.903362667078,771.518640258809,642.258714658837,250.498840874197,241.648425096061,888.492205769232,283.392700552685
3.67,724.049743200552,641.673419134919,770.053815907853,642.028847536005,250.386818793867,240.860796712012,874.116825894044,265.152566021692
3.68,723.127300447026,641.441236949909,768.583854655186,641.796632543934,250.270058032491,240.070124873927,859.685809607138,246.871644413319
3.69,722.200014525311,641.206858948877,767.108851292262,641.562116029987,250.148644530041,239.276472039146,845.200100296524,228.550795124283
3.7,721.267961727776,640.970327154273,765.628898706301,641.325343434562,250.022662594654,238.479899460144,830.660622693269,210.190859629102
3.71,720.331216850815,640.731682789493,764.144087919743,641.086359308286,249.892194934975,237.680467209438,816.068283239239,191.792661893222
3.72,719.389853223767,640.490966294005,762.654508128609,640.845207329077,249.75732269186,236.878234203836,801.42397044713,173.357008768057
3.73,718.443942737125,640.248217338101,761.160246739942,640.601930318829,249.618125469599,236.073258228248,786.728555253185,154.884690371583
3.74,717.493555870228,640.00347483752,759.661389408271,640.356570259897,249.474681366065,235.265595958721,771.982891357095,136.376480456966
3.75,716.538761718376,639.756776967699,758.158020071249,640.109168311314,249.327067002733,234.455302985163,757.187815560463,117.833136766972
3.76,715.579628019436,639.508161177814,756.650220984431,639.859764824659,249.175357553599,233.642433833432,742.344148094188,99.2554013793156
3.77,714.61622117979,639.257664204532,755.138072755241,639.608399359792,249.019626773872,232.827041986858,727.452692938732,80.6440010393367
3.78,713.648606299902,639.005322085512,753.621654376208,639.355110700136,248.85994702783,232.009179907485,712.514238141345,61.9996474863398
3.79,712.676847199276,638.751170172738,752.101043257382,639.09993686782,248.696389316144,231.188899056704,697.529556119621,43.3230377671643
3.8,711.70100644096,638.495243145445,750.576315258162,638.842915138508,248.529023302804,230.366249915446,682.499403967583,24.6148545448416
3.81,710.721145355551,638.237575022987,749.047544718305,638.584082055912,248.357917341139,229.541282004024,667.424523746678,5.87576639640964
3.82,709.737324064697,637.978199177305,747.514804488319,638.323473446112,248.183138499691,228.714043901436,652.30564277739,12.8935718948529
3.83,708.749601504161,637.717148345248,745.978165959225,638.061124431548,248.004752587396,227.884583264341,637.143473923102,31.6925190536948
3.84,707.75803544643,637.454454640678,744.437699091658,637.797069444788,247.822824178102,227.052946845594,621.938715865644,50.5204470370754
3.85,706.762682522828,637.190149566255,742.893472444361,637.53134224198,247.637416634941,226.219180512474,606.692053378981,69.3767407614033
3.86,705.763598245237,636.924264025101,741.345553202088,637.263975916127,247.448592133772,225.383329264376,591.404157594928,88.2607978376809
3.87,704.760837027386,636.656828332209,739.794007202908,636.995002910068,247.256411686534,224.545437250287,576.075686264581,107.17202831348
3.88,703.754452205711,636.387872225593,738.238898964984,636.724455029167,247.06093516384,223.705547785829,560.707284014674,126.109854418422
3.89,702.744496059764,636.117424877295,736.680291712722,636.452363453851,246.862221317347,222.863703369929,545.299582597864,145.073710317123
3.9,701.731019832277,635.845514904157,735.11824740246,636.17875875183,246.66032780153,222.019945701204,529.853201139901,164.063041867504
3.91,700.714073748819,635.572170378361,733.552826747577,635.903670890124,246.455311195036,221.174315693953,514.36874637921,183.077306382697
3.92,699.693707037033,635.297418837824,731.984089243122,635.627129246833,246.247227021647,220.326853493924,498.846812904654,202.115972401036
3.93,698.669967945527,635.021287296343,730.412093189886,635.3491626227,246.036129770742,219.477598493519,483.287983385891,221.178519457349
3.94,697.642903762377,634.743802253609,728.836895718063,635.069799252414,245.822072917552,218.626589347046,467.69282880185,240.264437861717
3.95,696.61256083328,634.464989704948,727.258552810325,634.789066815734,245.605108942672,217.773863985336,452.061908662347,259.373228482791
3.96,695.578984579315,634.184875150962,725.67711932454,634.506992448398,245.385289351607,216.919459630237,436.395771227112,278.504402534506
3.97,694.54221951444,633.903483606942,724.092649015932,634.223602752785,245.162664693488,216.063412808751,420.694953719451,297.657481368379
3.98,693.50230926251,633.620839612118,722.505194558833,633.938923808373,244.937284579741,215.205759366947,404.959982534728,316.831996269716
3.99,692.459296574106,633.336967238708,720.914807568023,633.65298118206,244.709197702226,214.346534483431,389.191373448421,336.02748825702
4,691.413223342929,633.051890100811,719.321538619577,633.365799938142,244.478451851169,213.485772682855,373.389631816547,355.24350788799
4.01,690.540212053984,632.765635580432,717.979540604205,633.077405726566,243.842312724173,212.720274441436,358.86479572231,372.947050507235
4.02,689.740847948935,632.478274574982,716.792432816861,632.787837767406,243.115775265741,212.044609879601,345.691839569864,388.840354900674
4.03,688.983036771102,632.190007063522,715.710155417066,632.497188718613,242.376212122429,211.428546220664,333.605426549902,403.160269223042
4.04,688.255755337645,631.901218012042,714.708275560291,632.205654723655,241.643658953086,210.855286166265,322.42033612256,416.120262872141
4.05,687.553365547726,631.612453817326,713.77073852301,631.913560144134,240.9249818883,210.314949849377,311.993161610333,427.908187566463
4.06,686.872391811324,631.324348758166,712.886001952168,631.621344386767,240.222483966147,209.801179125464,302.208428107042,438.687419883418
4.07,686.210443376383,631.037549004393,712.045447194533,631.329523865528,239.536628804063,209.309582724289,292.97178785074,448.599002983444
4.08,685.565756623275,630.752658581751,711.242495022061,631.038647849939,238.867106462042,208.836972175364,284.205750345214,457.763992116932
4.09,684.936967676822,630.470210134165,710.472040017017,630.749260478554,238.213299116176,208.380947989919,275.846546539016,466.285784209739
4.1,684.322985952826,630.190654316205,709.730065256225,630.461873539412,237.574494523818,207.939655631556,267.84164552719,474.252342712011
4.11,683.722917550715,629.914360589142,709.013370916915,630.17694986859,236.949983715518,207.511631529151,260.147730709814,481.738265257999
4.12,683.13601560016,629.64162392761,708.319378927602,629.894895251448,236.339103012499,207.095700675615,252.72903659092,488.806662939655
4.13,682.561646277564,629.372673951248,707.645989999609,629.616056354849,235.741248882271,206.690905732624,245.555980830437,495.510837490575
4.14,681.99926450441,629.107684510497,706.991477512436,629.340722551737,235.155879758248,206.296456402726,238.604040762122,501.895756324717
4.15,681.448395953759,628.846782726662,706.354407757059,629.069130017564,234.58251196386,205.911692390319,231.852832342537,507.999334772189
4.16,680.908623363498,628.590057053172,705.733579295416,628.801466965551,234.020713350461,205.536055777012,225.285356216795,513.85354050358
4.17,680.379575911164,628.337564233624,705.127976359329,628.537879275621,233.470096436069,205.169070090622,218.88738130008,519.485337926287
4.18,679.860920840335,628.089335187824,704.536732683033,628.278476055088,232.930311882372,204.810324233859,212.646941205971,524.917491127169
4.19,679.352356788484,627.845379927003,703.959103176775,628.02333486444,232.401042658519,204.459460003104,206.553923091118,530.169243451849
4.2,678.853608428274,627.605691623534,703.39444155708,627.772506472441,231.881998990839,204.116162298789,200.599732069515,535.256890613185
4.21,678.364422139041,627.370249961065,702.842182548238,627.526019086944,231.372914079468,203.780151379763,194.777017369926,540.194262621363
4.22,677.884562495704,627.139023881503,702.301827626079,627.283882059218,230.873540509396,203.451176688072,189.079448889401,544.993128116346
4.23,677.41380941175,626.911973830784,701.772933531129,627.046089088569,230.383647266856,203.129011892437,183.501534873343,549.66353298291
4.24,676.951955808875,626.689053591184,701.255102964956,626.812620969351,229.903017270548,202.813450886587,178.03847314578,554.214083512404
4.25,676.498805712265,626.47021177354,700.747977020349,626.583447929026,229.431445334674,202.504304541587,172.686029698019,558.652182924026
4.26,676.054172690994,626.255393030861,700.251228997732,626.358531606693,228.96873649093,202.201398058175,167.440439590947,562.984228742523
4.27,675.617878578914,626.044539043884,699.764559336442,626.137826719809,228.514704606834,201.904568799761,162.298326054119,567.215777396714
4.28,675.189752423605,625.837589320418,699.287691447182,625.921282462694,228.069171247954,201.613664512179,157.256634418067,571.351681405605
4.29,674.769629621302,625.634481842562,698.820368276269,625.708843676222,227.63196474018,201.328541856793,152.31257814739,575.396203667936
4.3,674.35735120324,625.435153589921,698.362349466424,625.500451823219,227.202919395968,201.049065198306,147.463594737136,579.353112650659
4.31,673.952763245675,625.239540961686,697.913409005203,625.296045799712,226.781874874718,200.775105600059,142.707309657363,583.225761653436
4.32,673.555716380785,625.04758011633,697.473333273658,625.095562608055,226.36867565276,200.506539989523,138.041506854914,587.017154805358
4.33,673.166065389932,624.859207244124,697.041919423626,624.898937913912,225.963170583206,200.243250463101,133.464104610277,590.730002012206
4.34,672.783668864221,624.674358785024,696.618974026029,624.706106506099,225.565212528965,199.985123705823,128.973135755607,594.366764710008
4.35,672.408388920186,624.492971602037,696.204311942534,624.517002675144,225.174658055782,199.732050505428,124.566731457221,597.929693967944
4.36,672.040090960327,624.314983118354,695.79775538193,624.331560523998,224.791367174301,199.48392534459,120.243107899348,601.420862223206
4.37,671.678643470599,624.140331425114,695.399133109222,624.149714222198,224.415203122268,199.240646057624,116.000555339971,604.842189725023
4.38,671.323917847989,623.968955365138,695.008279781303,623.971398212975,224.046032179475,199.002113540583,111.837429099539,608.195466575736
4.39,670.975788252891,623.800794597311,694.625035387502,623.796547381179,223.683723509751,198.76823150568,107.752142130543,611.482371111446
4.4,670.634131481716,623.635789645093,694.249244777148,623.625097188725,223.328149024939,198.538906272377,103.743158875208,614.704485240171
4.41,670.298826856166,623.473881932343,693.880757259473,623.45698378296,222.979183266966,198.314046589034,99.8089901736472,617.863307248346
4.42,669.969756126288,623.315013808715,693.519426263548,623.292144082774,222.636703304886,198.09356347989,95.9481890353549,620.960262506542
4.43,669.646803384745,623.159128566701,693.165109048242,623.130515846021,222.300588643984,197.877370113217,92.1593471096504,623.996712423504
4.44,669.329854990449,623.006170451933,692.817666453713,622.97203772176,221.970721145241,197.665381686925,88.4410917330373,626.973961947589
4.45,669.018799499969,622.856084668031,692.476962687606,622.816649289659,221.646984952979,197.457515329094,84.7920834461933,629.893265858529
4.46,668.713527605261,622.708817377052,692.142865140156,622.664291089055,221.329266429426,197.25369001053,81.2110138931556,632.755834053101
4.47,668.413932076789,622.564315696529,691.815244223371,622.514904639326,221.017454095099,197.0538264677,77.6966040379679,635.562835995072
4.48,668.11990771107,622.422527693657,691.493973230427,622.368432453236,220.711438573941,196.857847134298,74.2476026364864,638.315404468963
4.49,667.83135128199,622.283402377264,691.178928211876,622.224818044403,220.41111254255,196.665676079949,70.8627849238941,641.01463875499
4.5,667.548161495267,622.14688968813,690.869987866036,622.084005929999,220.116370682572,196.477238954996,67.5409514716689,643.661607320779
4.51,667.270238945536,622.012940487815,690.567033441198,621.94594162962,219.827109636289,196.292462940514,64.2809271913274,646.25735011327
4.52,666.997486075793,621.881506546632,690.269948647834,621.810571660933,219.543227964281,196.111276702451,61.0815604527179,648.802880514173
4.53,666.729807138722,621.752540530644,689.978619579197,621.677843532803,219.26462610534,195.933610349649,57.9417223014062,651.29918701941
4.54,666.467108159768,621.625995988215,689.692934639003,621.547705736334,218.991206338285,195.759395394905,54.8603057577941,653.747234683594
4.55,666.209296901647,621.501827336052,689.412784475154,621.420107734294,218.722872745077,195.58856471864,51.8362251802084,656.147966372803
4.56,665.956282830169,621.379989845009,689.138061918516,621.294999949206,218.45953117543,195.421052534943,48.8684156851161,658.502303852726
4.57,665.707977081183,621.2604396257,688.868661926105,621.172333750425,218.201089212751,195.256794359602,45.9558326136776,660.811148743769
4.58,665.464292428594,621.14313361406,688.604481527959,621.052061440428,217.947456140832,195.095726979719,43.0974510365275,663.075383360629
4.59,665.225143253253,621.028029556785,688.345419777237,620.934136240524,217.698542911887,194.937788424986,40.2922652927449,665.295871459281
4.6,664.990445512718,620.915085996933,688.09137770305,620.81851227613,217.45426211508,194.78291794012,37.5392885541059,667.473458902304
4.61,664.760116711779,620.804262259497,687.842258265723,620.705144561709,217.214527946249,194.631055958492,34.8375524170515,669.608974257295
4.62,664.534075873677,620.695518437198,687.597966314154,620.593988985553,216.979256177973,194.482144076877,32.1861065090383,671.703229339709
4.63,664.312243512034,620.58881537631,687.358408545019,620.485002294419,216.748364130665,194.336125030959,29.5840181195781,673.757019707245
4.64,664.094541603353,620.484114662767,687.123493463557,620.378142078216,216.521770644036,194.192942671727,27.0303718395081,675.771125114677
4.65,663.880893560132,620.381378608369,686.893131345889,620.273366754572,216.299396049362,194.052541942672,24.5242692183618,677.746309931647
4.66,663.671224204529,620.280570237168,686.667234202574,620.170635553603,216.081162142241,193.914868857601,22.0648284330067,679.683323536053
4.67,663.465459742577,620.181653272189,686.445715743352,620.069908502741,215.866992155817,193.779870479053,19.651183963529,681.582900677359
4.68,663.263527738873,620.084592122183,686.228491342979,619.971146411693,215.656810734775,193.647494897357,17.2824862841854,683.445761820726
4.69,663.065357091778,619.989351868758,686.015478008028,619.874310857581,215.4505439095,193.517691210229,14.9579015563608,685.272613473424
4.7,662.870878009126,619.895898253611,685.806594344565,619.779364170296,215.248119071015,193.390409502772,12.6766113361144,687.064148493011
4.71,662.680021984305,619.804197666057,685.601760526704,619.686269417968,215.049464946232,193.265600828113,10.4378122840879,688.82104638225
4.72,662.492721772888,619.714217130754,685.400898265913,619.594990392778,214.854511573691,193.143217188347,8.24071588449973,690.543973572621
4.73,662.308911369576,619.6259242956,685.203930781049,619.50549159685,214.663190279821,193.023211515955,6.08454816918108,692.233583695037
4.74,662.128525985717,619.539287419956,685.01078276913,619.417738228497,214.475433655456,192.905537655691,3.96854945083718,693.890517841989
4.75,661.951502027081,619.454275362999,684.821380376696,619.331696168618,214.291175532963,192.790150346787,1.89197405620497,695.515404820989
4.76,661.777777072132,619.370857572306,684.635651171832,619.247331967358,214.110350963673,192.677005205483,0.145909929019065,697.108861398843
4.77,661.607289850659,619.289004072703,684.453524116809,619.164612830999,213.932896195745,192.566058708128,2.14582091562746,698.671492540646
4.78,661.439980222826,619.208685455216,684.274929541252,619.083506609119,213.758748652496,192.457268174391,4.10846405566089,700.203891640014
4.79,661.275789158561,619.129872866399,684.099799115882,619.00398178194,213.587846910896,192.35059175092,6.03453148859454,701.706640745228
4.8,661.114658717294,619.052537997693,683.928065826806,618.926007447935,213.420130680717,192.245988395389,7.92470257897494,703.180310778356
4.81,660.956532028143,618.976653075049,683.759663950296,618.849553311695,213.255540783932,192.143417860711,9.77964414828631,704.625461749825
4.82,660.801353270386,618.902190848824,683.594529028088,618.774589671974,213.09401913443,192.042840679747,11.600010706661,706.042642967736
4.83,660.649067654289,618.829124583753,683.432597843159,618.70108740998,212.935508718176,191.944218150132,13.386444677486,707.432393241982
4.84,660.49962140231,618.757428049184,683.273808395967,618.629017977944,212.779953573604,191.847512319564,15.1395766185892,708.795241084903
4.85,660.352961730581,618.687075509486,683.11809988118,618.558353387828,212.62729877265,191.752685971267,16.8600254390792,710.131704907261
4.86,660.209036830811,618.618041714619,682.965412664822,618.489066200319,212.477490401647,191.659702609769,18.5483986124337,711.442293209653
4.87,660.067795852418,618.550301890925,682.815688261898,618.42112951401,212.330475543064,191.568526446997,20.2052923857788,712.727504771196
4.88,659.929188885033,618.483831732063,682.668869314387,618.354516954814,212.186202257157,191.47912238855,21.8312919857572,713.987828833777
4.89,659.79316694132,618.418607390124,682.524899569733,618.289202665511,212.044619564218,191.391456020388,23.4269718193298,715.223745281111
4.9,659.659681940084,618.354605466917,682.383723859669,618.225161295625,211.905677427077,191.305493595606,24.992895671568,716.435724817278
4.91,659.528686689671,618.291803005449,682.245288079496,618.162367991418,211.769326733758,191.221202021532,26.5296169018491,717.624229140088
4.92,659.400134871702,618.230177481525,682.109539167738,618.100798386066,211.63551928069,191.138548847195,28.0376786330355,718.789711110453
4.93,659.273981025103,618.169706795529,681.976425086192,618.040428590111,211.504207756012,191.057502250778,29.517613939124,719.932614920403
4.94,659.150180530322,618.110369264386,681.845894800332,617.981235182027,211.375345723334,190.978031027582,30.9699460306394,721.05337625697
4.95,659.028689594004,618.052143613647,681.717898260114,617.923195199017,211.248887605653,190.900104578036,32.3951884337642,722.152422462623
4.96,658.909465233762,617.995008969702,681.592386381112,617.866286127961,211.124788669677,190.823692895976,33.7938451686141,723.230172692556
4.97,658.792465263345,617.938944852244,681.46931102605,617.810485896551,211.003005010298,190.748766557256,35.1664109244202,724.287038069679
4.98,658.677648278024,617.883931166743,681.348624986662,617.755772864649,210.883493535508,190.675296708425,36.5133712285506,725.323421837431
4.99,658.564973640233,617.829948197172,681.230281965875,617.702125815742,210.7662119514,190.60325505569,37.8352026165769,726.339719508085
5,658.454401465504,617.776976598824,681.11423656037,617.649523948605,210.651118747602,190.532613854167,39.1323727968203,727.336319008721
